no of cores,r1,r2,r3,r_avg
1,0.136086,0.135204,0.140155,0.13714833333333334
2,0.07223,0.072636,0.082421,0.07576233333333333
3,0.053535,0.059421,0.05932,0.05742533333333333
4,0.043697,0.089217,0.078957,0.07062366666666667
5,0.069062,0.067817,0.068724,0.06853433333333332
